{"train_loss": 0.40542066528750953, "test_acc": 0.8091628432741539, "std_acc": 0.08820800657234962, "_timestamp": 1680593829.1701586, "_runtime": 697.5393965244293, "_step": 68}