{"train_loss": 0.2733886244523781, "test_acc": 0.843469591226321, "std_acc": 0.05387054892143451, "_timestamp": 1680714841.6491034, "_runtime": 537.2525115013123, "_step": 335, "_wandb": {"runtime": 535}}