{"train_loss": 0.28136669884984644, "test_acc": 0.8179400226078861, "std_acc": 0.07100049288246657, "_timestamp": 1680595720.8546786, "_runtime": 1641.4877517223358, "_step": 146}