{"test_acc": 0.8128946493851777, "_timestamp": 1680703398.7402976, "_runtime": 10.756158590316772, "_step": 2}