{"train_loss": 0.012350763613127291, "test_acc": 0.7986568255868076, "std_acc": 0.060169675375332035, "_timestamp": 1680595720.819646, "_runtime": 1728.5469388961792, "_step": 170}