{"train_loss": 0.02220700274008101, "test_acc": 0.7783316716517116, "std_acc": 0.035500861663208566, "_timestamp": 1680707256.8944771, "_runtime": 475.81260919570923, "_step": 125, "_wandb": {"runtime": 477}}