{"train_loss": 0.6585199531261886, "test_acc": 0.7733466267863077, "std_acc": 0.05409313899439238, "_timestamp": 1680709975.5779562, "_runtime": 1245.7547612190247, "_step": 670}