{"_step": 97, "train_loss": 2.2455882878268802, "_timestamp": 1696908616.5467093, "std_acc": 0.05309784305956912, "test_acc": 0.2819829424307036, "_runtime": 23609.5795648098}
