{"train_loss": 0.018550278823584496, "test_acc": 0.8374875373878365, "std_acc": 0.050449848787239696, "_timestamp": 1680704694.5580766, "_runtime": 3062.5470716953278, "_step": 1000, "_wandb": {"runtime": 3063}}