{"train_loss": 0.015403270132211917, "test_acc": 0.9925748229380854, "std_acc": 0.006781238366328667, "_timestamp": 1679989677.860729, "_runtime": 701.6154940128326, "_step": 40}