{"train_loss": 0.1705151959801781, "test_acc": 0.8342974931843873, "std_acc": 0.05944601523113702, "_timestamp": 1680613444.7558024, "_runtime": 1907.9858684539795, "_step": 167}