{"train_loss": 0.7123101786964994, "test_acc": 0.755169891615134, "std_acc": 0.1571687245784254, "_timestamp": 1680640596.6368237, "_runtime": 470.0806496143341, "_step": 43}